Evaluación,Respondiente,Respuesta_Pregunta_1,Respuesta_Pregunta_2,Respuesta_Pregunta_3,Respuesta_Pregunta_4,Respuesta_Pregunta_5
Parcial 1,Docente,"El representante político es el punto más vulnerable de un sistema democrático. Si uno quiere manipular al sistema democrático, basta con manipular las elecciones al focalizar la propaganda hacia los votantes para que estos voten por el candidato deseado. ","Entrenar avatares para que representen nuestras preferencias políticas a la hora de participar en procesos de discusión y aprobación de leyes, sin tener representantes políticos de legitimidad cuestionable haber sido electos gracias a la manipulación de votantes.",El petróleo es un recurso finito. Los datos son infinitos. El valor del petróleo surge de su procesamiento para la obtención de otros productos derivados. El valor de los datos surge de su procesamiento para la obtención de información y conocimiento práctico derivado de ellos. ,"Para pasar de datos a información se requiere resumir los datos a través de tablas o gráficos estadísticos. Para pasar de la información al conocimiento, debemos asignarle una interpretación con sentido a la información.",La paradoja de Simpson enseña cómo puede interpretarse de manera errónea la tendencia en la relación de dos variables cuando se ignora una tercera variable de grupos. El cuarteto de Anscombe enseña cómo puede tenerse una impresión errónea del comportamiento estadístico de dos variables si solamente se confían en la información visible en tablas.
Parcial 1,Alberto,"El problema que encontro es que el exceso de fuentes de informacion genera que sea dificl analizar la cantidad de datos que le llegan al cerebro, entonces esto causa que con la mas simple y minima informacion que le haga sentido a la persona esta estaria dispuesta a tomar una decisiòn que podria estar sesgada basada en sesgos emocionales o en desinformacion. ",propone crear un algoritmo de inteligencia artificial en donde se pueda crear un avatar en donde se personalice a tal punto que pueda traer soluciones precisas y personalizadas de acuerdo a las necesidades que tenga cada persona.,"porque solo los datos no generan valor, estos sin un analisis o una transformacion adecuada no sirven pues no hay quien los lea adecuadamente, ademas de esto son recursos que nunca acaban, siempre se podran encontrar nuevas fuentes de datos.","primero tenemos que convertir la data en informacion, es decir los datos obtenidos(observaciones) las tenemos que ordenar de tal manera que tenga unos parametros o unas hipotesis para despues ya poderlas probar y entender para asi volverlas conocimiento.","que aunque tengamos los datos organizados y segmentemos de tal manera que podamos realizar un analisis estadistico nos podemos topar con un error o con una inconsistencia puesto que al final tendriamos como resultado que las observaciones estadisticas son iguales en sus desviaciones estandar, media, varianza, y correlaciòn lo que nos imposibilitaria realizar un analisis adecuado. con respecto a la paradoja de simpson podemos ver que los datos tienen que ser segmentados de maneras mas precisas para encontrar realmente sus tendencias dado que el groso de las observacion nos indicaria que tienen las mismas cualidades cuando en verdad son diferentes o guardan relaciones diferentes."
Parcial 1,Alejandra,"La manipulación por parte de los politicos en redes sociales atenta contra la democracia porque radicaliza las ideas politicas en los individuos al solo mostrarles un lado de la historia y hasta ""fake news"". Los manipula seleccionando individuos que quizas se ailinean con los valores del partido y al mostrarles mucha información los manipulan. Esto ha generado un mayor descontento con los politicos, tanto hasta llevar el ""Social Unrest"" a ser un ""megatrend"" del año. ","La idea de Cesar Hidalgo para reemplazar a los politicos consiste en crear una tipo de democracia directa, en la que las personas, en lugar de elegir a un politico, eligen a un bot que piense como tu, por medio de encuestas y de conocer tu ideas y valores, y te sugiera como votar en cada proyecto de ley. Esto podría reducir las chances de corrupción y gasto del gobierno entre otras cosas.","Porque los datos sin alguien que los analice no sirven para nada, necesitan de alguien que los interprete para generar valor. También no se parece al petróleo porque son infinitos, son un recurso que no se acaba ni que es perjudicial para el medio ambiente.","Debemos primero convertir los datos en información, esto significa organizar y limpiar los datos de tal manera que sean útiles. De ahí toca usar la información para probar o desmentir ideas o hipotesis, y dejarlos documentados para convertirlos en conocimiento.","Que a pesar que tengamos los datos ordenados, tenemos que agruparlos de una forma más clara para obtener la información a la que queremos llegar en orden para probar nuestras hipotesis. También pide cruzar varias variables para no llegar a conclusiones erroneas."
Parcial 1,Alex,"La democracia tiene esta idea de que la gente tiene que ejercer el poder, pero como las personas no pueden ejercer el poder de manera directa, se elige a un representante. Los datos pueen atentar contra esto ya que puede pasar directamente de las personas al poder, permitiendo que la participación política ocurra a través de un agente de inteligencia artificial.","Cesa Hidalgo propone romper con todo lo que se conoce hasta ahora en materia de sistemas democráticos. El da la idea de un agente de inteligencia artificial, ""senador avatar"", como él mismo lo llama, el cual seria capaz de leer la nueva legislación y la va a cruzar con los datos que tiene de la persona a la que representa para dar un veredicto acertado.","Aunque los datos y el petroleo generen valor, son muy distintos. El petróleo proviene de su escasez y de la dificultad de extraerlo de nuevas ubicaciones no explotadas, mientras que es muy sencillo generar una cantidad enorme de datos. Por otro lado el petroleo es un producto que se consume al usarlo y los datos se pueden reutilizar, compartir para nuevos fines y para generar conocimiento nuevo. Por ultimo, los datos no generan valor, generan conocimiento que se da al momento de analizar datos.",Los datos es un registro alfanumerico que representa una observacion y la informacion es una sintesis o resumen de un conjunto de datos. Los datos ya estan listos para ser usado para extraer informacion y se deben resumen usando graficas o tablas.,La paradoja de Simpson es la tendencia que se muestra en varios grupos de datos y desaparece cuando se combinan y aparecen la tendencia opuesta para los datos agregados y nos deja como lección . El cuarteto de Anscombe son 4 tablas de datos que comparten propiedades estadisticos identicos pero al momento de graficarlos tienen propiedades distintas.
Parcial 1,Ana,"El hecho que un partido político pueda utilizar toda la data que las personas utilizan la momento de hablar con su familia y amigos le permite a cualquier partido político o político focalizar la propaganda a cada uno de los consumidores y así poder satisfacer las necesidades de ese grupo de personas específico. 

Lo que genera esto es que las personas que no son afines completamente a cierta ideología que es promovida por un político, no le muestren la propaganda entonces no tiene la opción de poder votar por dicho político que puede que no se afilie al 100% con sus ideales pero si concuerda con ciertos puntos. 

Esta situación genereraría que el sistema de democracia que conocemos actualmente falle, más de lo que ya esta haciendo, ya que las personas desconocerían otros puntos de vistas distintos a los que ellos ya conocen y por tanto sus opciones se verían muy reducidas al igual que sus mentes, porque solamente verían lo que los políticos quieren que vean. ","La idea de Cesar Hidalgo no es reemplazar a los políticos, si no que busca automatizarlos, buscar aumentar nuestras capacidades para poder procesar información de manera más eficiente, lo que él busca es que se puedan generar unos avatares que representen de forma completa todos mis intereses.

La idea básicamente consiste en mezclar la democracia directa con la inteligencia artificial, con agentes parecidos a un Siri, en los cuales la persona le puede ir diciendo que hacer para que sus intereses se vean representados, esto se hace por medio de encuestas y algoritmos que van dictando y al mismo tiempo prediciendo cuales son tus intereses para que así el avatar que tu creaste te represente exclusivamente a ti y a todos tus intereses y así verdaderamente lograr tener una democracia participativa de todas las personas.","Básicamente porque los datos son ilimitados, mientras que el petróleo no, entonces tratar los datos como si fueran un recurso escaso, genera el hecho que los países y las organizaciones los archiven y los guarden como si se fueran a acabar, cosa que nunca va a suceder porque siempre que una persona entre a internet o haga algo de manera virtual genera una infinidad de información. Y lo que es aún más importante es que si los datos son tratados como un recurso que se acaba, no son analizados ni puestos en función cosa que elimina el valor intrínseco que estos tienen, entonces tener datos y no analizarlos o archivarlos es lo mismo que no tener nada","Para poder pasar de los datos a la información se deben de resumir estos datos para poder comprenderlos y así poder llegar a la información, esto se podría hacer por medio de dos herramientas, o realizar una gráfica o realizar una tabla, es decir, realizando una sintaxis","La lección que ambos teoremas nos dejan es el hecho de que en la analítica de datos no todo es lo que parece, se debe de hacer un análisis exhaustivo y utilizar diversas herramientas para poder llegar a una correcta comprensión de los datos y así poder generar la sabiduría correcta y necesaria."
Parcial 1,Andrea,"El menciona que esto siempre se ha hecho sin embargo con el uso del analisis de datos es una forma de hacerlo mucho mas preciso, en donde se encuentra al representante y se busca las maneras en las cuales se elije este, para mandarle cosas especificas a cada persona para que elija a este representante.","Brinda dos ideas: Primera consiste en quitar a los politicos y votar por los proyectos de ley sin embargo esto no es viable por la cantiidad de proyectos que se realizan y segunda consiste en crear tecnologia de aumentacion, a traves de diferentes avatares los cuales no permitan manejar un volumen de informacion mucho mas alto. Especificamente la idea consiste en agregarle a la democracia directa los agentes virtuales.","De acuerdo al world economic forum, ellos se basan en el argumento de que el petroleo no es parecido a los datos debido a solo hay una cantidad fija, y los datos diariamente se van creando. ellos si estan de acuerdo con el potencial valor creando por el analisis de datos, sin embargo el valor de ambos es diferente por ejemplo, el valor del petroleo depende de su escasez y la dificultad de este para conseguirlo, mientras que por el otro lado cada vez es mas facil crear bases de datos grandes. Por lo tanto son bienes totalmente diferentes en donde su comparacion equivoca se basa en la importancia que tienen en el funcionamiento del mundo.","Se debe hacer un proceso de jerarquia de la sabiduria, en donde se debe diferenciar el concepto de datos del concepto de informacion del conocimiento y la sabiduria esta se puede observar como una piramide en donde en la parte baja se encuentra la data, esta es la que sostiene toda la piramide, despues esta data se transforma en la informacion, esta se tiene que procesar mas para convertirse en conocimiento y por ultimo convertiirse en sabiduria.","Me deja la importancia de revisar la informacion en graficas, por ejemplo en el cuarteto de Anscombe en donde tienes cuatro graficas totalmente diferentes en donde comparten todas las variables estadisticas, no hay forma de tomar decisiones, si no revisas muy bien lo que esta informacion esta representando, ademas gracias a la paradoja de simpson la importancia de agrupar bien los datos, con el fin de no commeter el error de ver tendecias falsas, ya que si se revisan los grupos estos pueden tener tendencias mas significativas."
Parcial 1,Angela,"Considero que esto es un atentado contra la democracia porque es migrar las decisiones de la gente hacia las máquinas. Esto es peligroso porque puede llevar a que se tomen decisiones por parte d elas personas que hacen el código, dañando el sentido de la democracia.",Cesar Hidalgo quiere implementar algoritmos personalizados donde cada persona actue como un agente virtual de democracia directa.,"Los datos son una cantidad inmensa de números, no aportan valor. Al hacer análitica, se puede ver que nos están mostrando los datos. Toca hacer un proceso de análisis y construcción que es lo que consideramos el business intelligence.","Que los datos estén en lenguajes que entiendan las máquinas. Por ejemplo, que las fechas esten en números. Para esto es que se puede usar la inteligencia artifical; al convertir datos no estructurados en algo más real.","La paradoja de Simpson nos muestra que la tendencia de unos datos desaparece cuando estos se combinan con otros datos. Mientras tanto, el cuarteto de Anscombe nos muestra que datos similares pueden tener muchas distribuciones."
Parcial 1,Camilo,"Los datos pueden atentar contra la democracia, debido a la manera en que se hace propaganda para elegir un representante. Los partidos políticos saben utilizar los datos de las personas, para saber de qué manera centrarse en cada segmento de la población, e incrementar la capacidad de voto para cada candidato.","Cesar Hidalgo habla de que hay muchos eslabones debiles en cuanto a la democracia y en cuanto a los políticos, y ya que hoy en día se ha venido automatizando cada día más cosas, pues sugiere la idea de combinar la democracia con la Inteligencia Artificial. A lo que se refiere es a automatizar la democracia a través de unos agentes virtuales que lo asistan a uno a tomar las mejores decisiones democraticas","Los datos no pueden considerarse el nuevo petróleo, porque si bien son instrumentos que crean valor, esto no es suficiente para considerarlos como ""rentables"". El verdadero valor diferenciado que se crea a partir de los datos, es el hecho de analizarlos, y adquirir la mayor cantidad de conocimiento a partir de estos. No se debería recopilar datos y tenerlos a la mano, sino analizarlos, utilizarlos y poder sacar provecho de ello","Para pasar de los datos a la información se le debe dar un sentido a estos, resumiendolos, organizandolos, analizandolos y dandoles un uso. Nosotros podemos tener muchos datos a la mano, pero si no los entendemos ni le damos un uso, no sirven como información. Por otro lado, si los analizamos, y les damos un uso concreto, ya los datos son información que nos van a ayudar en ese uso que nos propusimos.","La paradoja de Simpson me deja como lección, el hecho de utilizar toda la información a la mano, y no dejar de lado ningún dato que pueda ser útil a la hora de analizar la información, para que los resultados sean los más certeros posible. Por otro lado, el cuarteto de Anscombe me deja como lección que para cualquier data que uno vaya a analizar, es importante ver su representación gráfica, puesto que va a ser más fácil identificar resultados verdaderos, y que dependiendo de los datos que uno maneje, es muy pertinente escoger el mejor tipo de gráfico que represente la información"
Parcial 1,Daniel,"El uso de datos puede atentar contra la democracia porque puede generar propaganda negativa o incluso mentirosa con el fin de afectar los resultados. La información que recibe un votante a base de datos puede generar varios sesgos dado que solo recibirá información que le gusta o con la que esta de acuerdo. 

Como consecuencia, puede que una persona se decida a votar en contra de un candidato solo porque recibió propagandas en sus redes sociales basadas en gustos que se saben del individuo. 

El uso de datos puede atentar contra la democracia dado que puede servir para la compra de votos. Si se saben todos los gustos y deseos de una persona, pueden ser usados como un regalo a cambio de un voto.","La idea de remplazar a los politicos consiste en la automatización. Se parte de una necesidad y de una solución, luego se hacen estudios de comportamiento para automatizarlo. La idea es automatizar las tareas legislativa por medio de tecnologias de aumentación. Es crear avatares para ayudar la toma de decisiones para poder manejar volumenes más altos. Se basa en politicos ""personalizados"" por medio de software para representar a cada uno por medio de datos (conservadores, liberales, centrales, etc) conseguidos en encuestas, redes y demás. A base de estos datos se usa para tomar desiciones politicas y predecir los gustos politicos acerca de los proyectos de ley. Lo bueno es que el sistema puede cambiar y ajustarse con el fin de aprender. Los agentes harian lo mismo que hacen los politicos actualmente solo que por medio de la democracia aumentada, basada en datos y proyecciones.","Se dice que los datos no son el nuevo petroleo dado que la unica similitud que tienen es porque ambos generan valor, sin embargo no hay nada más allá de eso.

Se diferencian en que el petroleo es finito, sin embargo los datos pueden llegar a ser infinitos y tener grandes cantidades de el. Además los datos son reutilizables, el petroleo no.

La diferencia más importante es que el valor del petroleo esta en su escasez, mientras que el de los datos esta en el conocimiento y análisis. Los datos nunca se acabaran y van a generar grande savances en la humanidad","Para pasar de los datos a información toca hacer resumenes. Esto consiste en hacer calculos, graficas y demás procesos estadisticos con el fin de obtener conocimiento por medio del análisis. Toca hacer sintesis de un conjunto de datos para lograr entende su significado practico","La paradoja de los Simpson nos permite entender que es muy importante conocer el contexto e ir más alla de la estadistica para lograr sacar conclusiones verdaderas y no contradictorias dado que con los mismos datos es posible llegar a conclusiones completamente diferentes. Del mismo modo, el cuarteto de ascombe permite entender que datos con propiedades iguales pueden ser muy diferentes. El aprendizaje es no confiar en los datos sin antes hacer una revisión y distintos analisis."
Parcial 1,Diana,Este uso de datos para propaganda política puede atentar contra la democracia al manipular lo que obtienen a través de conversaciones e interacciones por redes sociales para que se inclinen por un candidato u otro.,Su idea consiste en que haya una plataforma donde las personas puedan entrar con un usuario y contraseña en la cual crean un avatar el cual se puede entrenar a partir de encuentas para asemejarlo a uno mismo. Luego se elige un algoritmo a través del cual se predice para predicir los gustos politicos y decisiones sobre proyectos de ley basada en la data que se recolectó previamente. El usuario puede ver cómo el algoritmo está haciendo las predicciones y en caso de quererlo puede corregir y cambiarlo. Finalmente hay un espacio donde la persona puede ver las decisiones que se han predecido y les permite tomar decisiones de votos basados en esto. De esta forma habría una democracia directa en la que votan los avatares y no requiere que los ciudadanos esten votando proyectos y elecciones todos los días.,"Se dice esto porque los datos por sí mismos no tienen valor, el valor que se obtiene de los datos nace luego de un proceso de extracción y descubrimiento de la información que hay en ellos la cual es usada para generar conocimiento y sabiduría.","Para pasar de los datos a la información debemos manipular los datos pues las bases de datos no son siempre ordenadas. Para obtener información toca hacer un proceso de limpieza de datos que consiste en renombrar variables cuando es necesario cambiar el nombre de alguna, conversión de tipos de datos para cambiar los formatos de estos como fechas y números, y finalmente reordenar, reindexar o sortear los datos para mostrarlos en un orden específico.","La paradoja de simpson nos enseña a que es importante desagregar los datos cuando los estamos analizando pues a veces en un análisis inicial se pueden hallar relaciones entre variables que luego al ver en grupos desagregados o por variables nos muestra que la relación inicial puede llegar a ser inversa o modificada. El cuarteto de Anscombe nos muestra cuatro sets de data que en un nivel de estadistica descriptiva pueden llegar a verse muy similares pero al ser graficados demuestran distribuciones distintas, nos enseña la importancia de analizar los datos graficados pues los simples valores numeros que describen el dataset pueden ser superficiales o mal interpretados."
Parcial 1,Estefania,El uso de datos puede atentar contra la democracia ya que al automatizar este proceso las personas no estan escogiendo a un representante al poder sino que participan de manera directa al seleccionar varias tomas de decisiones que se encuentran en los datos. Cuando una persona prefiere un hibrido entre dos candidatos politicos esta dejando a lado la representacion que la democracia ofrece y esta tomando la decision de manera directa,"La idea de Cesar Hidalgo consiste en automatizar las decisiones que toma un politico, esto lo quiere hacer mediante un algoritmo basado en la data y las decisiones que a cualquier persona les guste. Cesar propone que este algoritmo se vaya expandiendo y corrigiendo constantemente teniendo en cuenta todos los datos disponibles.",En esta diapositiva hace referencia de como los datos son muy distintos al petroleo aunque los dos tengan un valor muy importante. Estos son distintos ya que el valor del petroleo se debe a la escazes que esta tiene mientras tanto los datos se crean a diario y tienen una capacidad de ser infinitos ya que siempre van a haber mas datos para crear. El valor de los datos proviene de la utilizacion y creacion de informacion de estos. Por las razones anteriores es por lo cual los datos no son el nuevo petroleo.,Para convertir datos a la informacion tenemos que aplicar un analisis estadistico y cuantitativo que permita resumir o sintetizar los datos. Tras este analisis estadistico los datos estan resumidos y por lo tanto se convierte a informacion disponible para la persona que lo quiere analizar.,"La paradoja de Simpson nos enseña como la organizacion de los datos es supremamente importante para el analisis de estos, pues cuando los datos se organizan de una manera erronea es imposible darles un analisis coherente. Por otro lado, el cuarteto de Anscombe nos muestra la importancia de la buena practica estadistica para analizar los datos de manera correcta, pues al cambiar algunos parametros estadisticos el analisis puede cambiar."
Parcial 1,Gian,"Las estrategias que las campañas politicas emplean se basan en datos recolectados, para asi estos ser interpretados y buscar un público objtevio en el cual enfocarse, por ende, las estrategias terminan engañando a este público seleccionado. Esto sucede porque los politicos no representan, tienen intereses o cosas en común con aquellos que buscan representar y a partir de los datos recolectados, crean una imagen para apelar al público. Entonces, no existe una democracia libre que sea representativa del pueblo, ya que la capacidad de selección de las personas se ve manipulada","Cesar habla de una democracia en la cual los intermediarios entre el poder, sea inteligencia artifical, ya que considera que de esa forma las elecciones y los intereses generales estarían mejor representados en la toma de desiciones políticas. Sería un software basado en un algoritmo que predice tus gustos y tendencias en todos los aspectos de la vida, y este puede ser modificado para ajustarse a tus gustos y que aprenda de sus errores, y de esa forma todos pueden participar de una forma directa en la política.","Hay multiples diferencias entre los datos y el petróleo, primero el valor del petróleo proviene de su escasez y los datos son ilimitados, los datos se pueden reutilizar a diferencia del petróleo y acumular datos sin ser utlizados no genera beneficios economícos para nadie, al igual, que los datos no son seguros al 100%, pueden ser hackeados. Por tales características los datos no pueden ser el nuevo petróleo","Se debe realizar un pre procesamiento, en donde, se revisen los datos y se adapten para estos poder ser observados. Dependiendo de las necesidades de los datos, se realiza un proceso de limpieza, transformación, mejoración y resumen, para más adelante ser interpretados","Te enseña que en diferentes casos o ocaciones los datos son presentados de una forma similar, por lo cual, no analizar a fondo puede resultar en interpretaciones erroneas."
Parcial 1,Hanna,"Este es un tema muy delicado, debido a que en redes sociales compartimos mucho lo que somos y los intereses que tenemos. Cuando estos datos son utilizados por los políticos para segmentarnos y encaminar las publicaciones dependiendo de quienes somos, este puede afectar gravemente la democracia. Y la razón de esta afectación es porque dependiendo de los datos que tienen de nosotros, pueden encaminar sus discirsos y sesgarnos a la hora de votar, lo cuál es una gran falencia del sistema. Como dice César Hidalgo, la debilidad de la democracia está en esos líderes que nos reinan por un periodo y con los datos, pueden sesgarnos para que votemos por ellos. Esto afecta la democracia debido a que si los disvursos fueran genuinos, tal vez elegiríamos diferente.","La idea consiste en generar un sistema de aumentación para poder procesar mayor cantidad de información de las personas. Esta automatización no busca reemplazarnos sino aumentar nuestras capacidades para tomar mejores decisiones. La idea consiste en combinar la democracia directa con los agentes virtuales. Esos agentes virtuales están personalizados y nos representan a cada uno de nosotros en términos de nuestros intereses políticos, sociales y económicas. Para alimentarlos de información, las personas entran a un sitio web, contestan encuestas y cuentan un poco cómo son realmente para que el agente virtual aprenda de la persona y así pueda predecir los gustos políticos de nosotros de una manera completamente objetiva. Las personas pueden brindarle datos al algoritmo constantemente para que el agente virtual continúe aprendiendo. Con todos los agentes virtuales, el algoritmo elige a los mejores políticos e incluso una combinación de ellos para lograr un match perfecto según los intereses de la gente. Este sistema permite mitigar el riesgo de que los políticos nos manipulen y nos sesguen en diferentes aspectos.","Desde hace algún tiempo se habla de que los datos son el nuevo petróleo, pero realmente la única similitud entre los datos y el petróleo es que de ambos elementos se puede obtener valor. Los datos no son petróleo debido a que a diferencia de esta materia prima que es cada vez más escasa, los datos son cada vez más abundantes, ya que gracias a la tecnología, todos los dispositivos e incluso vehículos están recopilando datos. Por otro lado, el petróleo se consume y esto ha hecho que su valor aumente, mientras que los datos se pueden utilizar sin un límite de veces y cada vez se pueden obtener nuevas conclusiones al relacionarlos con nuevos datos. Para ilustrar esto, el artículo habla de un suceso que me impactó mucho y es que utilizaron los datos de un ensayo clínico relacionado con enfermedades cardíacas, para descubrir un tratamiento contra el cáncer. Otra diferencia es que el petróleo se acumula y los países ricos son los que más petróleo han tenido. Esto no sucede con los datos, ya que se pueden tener muchos datos, pero si no hay un buen análisis para obtener conocimiento, estos no sirven de mucho por sí solos. Por último, cabe resaltar que el almacenamiento de los datos es costoso y hay que disponer de métodos de almacenamiento adecuados para garantizar su seguridad. Los países no deben acumular datos, ya que entre más abiertos al público sean, más podemos aprender todos, pero está claro que hay muchos datos que si deben ser privados.","Los datos por sí solos no tienen ningun valor, hay que hacer procesos para escalar en la pirámide de la sabiduría y así lograr llegar el conocimiento o incluso a la sabiduría. Cabe resaltar que las bases de datos pueden tener deficiencias ya que los que hicieron el trabajo de campo pudieron haber cometido errores.

Hay que recordar que la información es la síntesis o el resumen de un conjunto de datos. Antes de poder pasar de los datos a la información hay que hacer un proceso de data wrangling (manejo de datos), donde se agrupan y organizan los datos según las variables para así limpiar los datos de esas deficiencias antes mencionadas. Luego de esto, se pueden comenzar a hacer un resumen de los datos por medio de gráficas (visualización de datos) o con estadística descriptiva.","Paradoja de Simpson: Antes de entrar en la lección, cabe recordar que la paradoja de Simpson muestra como una aparente tendencia entre 2 variables en la visualización de un conjunto de datos puede desaparecer cuando los datos se agrupan por una tercera variable. Al haber estudiado este concepto, la lección que deja es que debemos que ser más críticos y no conformarnos cuando vemos una tendencia entre 2 variables, ya que esta tendencia puede ser errónea y nos puede llevar a sacar conclusiones inexactas o equivocadas. Cuando veamos una gráfica que muestra la relación entre 2 variables, debemos ser muy cuidadosos y agrupar esas variables por una nueva variable del conjunto de datos para verificar si la tendencia es realmente cierta. Este es un proceso de prueba y error que debemos hacer con diversas variables del conjunto de datos para realmente llegar a las conclusiones adecuadas.

Cuarteto de Anscombe: El cuarteto de Anscombe muestra el increíble fenómeno en el que 4 conjuntos de datos que tienen las mismas estadísticas descriptivas (media, varianza, correlación, coeficiente de correlación y recta de regresión), pueden llegar a tener una forma muy diferente al ser visualizados mediante una gráfica. La enseñanza de este concepto es que debemos ser muy cuidadosos al ver conjuntos de datos con estadísticas iguales, ya que al graficarlos pueden ser diferentes. Este proceso resalta la importancia de visualizar gráficamente los datos para sacar conclusiones. No hay que confiarse solo de las estadísticas descriptivas para comparar los datos, pues al graficarlos se pueden sacar mejores conclusiones por ejemplo en cuanto a los datos atípicos, los patrones de los datos y los posibles errores en los datos."
Parcial 1,Isabella,El uso de estos datos puede atentar encontra de la democracia ya que se tiene un a gran vulnerabilidad a que los datos sean utilizados para influenciar a las personas y intentar influenciar a la forma en que piensan,La idea de Cesa Hidalgo es que los politicos sean remplazados por teconologia que las personas individuales puedan usar que puedan aumentar su capacidad para tomar decisiones y procesar informacion,"porque el petroleo tiene valor por su escasez, y los datos son cada vez mas faciles de generar",Limpiar y filtrar los datos para poder transponerlos a informacion,Que los datos no siempre son lo que parecen y la tendencia puede ser completamente diferente a la que parece a primera vista
Parcial 1,José,"Pues los datos facilitan capturar un agente politico o capturar como las personas eligen a este representante, la publicitad politica focalizada por tanto afecta a la democracia y la vuelve vulnerable","Consiste en combinar la democracia directa con los agentes virtuales, por lo que las personas podrian contestar una serie de preguntas online y ya con ello se podria elegir un algoritmo, un algoritmo que podria ser alimentado y modificado para aumentar su precision, y ya con esto tendriamos un agente virtual que representaria nuestros intereses en la toma de importantes decisiones en los congresos o distintos espacios politicos","Ya que los datos actualmente tienen gran valor y cada vez mas personas los buscan y los almacenes pues se conoce el gran valor de ellos, sin embargo no es del todo cierto pues los datos sin un uso y sin un correcto analisis se vuelven obsoletos y pierden valor, los datos perce no nos son utiles estos deben estar ordenados y estar en un formato usable que facilite su uso analisis y con ello su uso, con ello su valor","Los datos perce no nos dan información por ello para que estos sean utilizables debemos tener clara la importancia de que estos esten dispuestos correctamente para ser utilizados, es decir disminuir las defisiencias que no permiten la correcta extraccion de la informacion posteriormente a esto los datos deben estar resumidos y ya con esto podrian ser utilizados","Esta lección nos dice que no nos podemos quedar con la vision superficial de los datos y que toca hacer un resumen de datos que considere otras variables y asi evitar caer en las paradojas, ademas de esto nos dice que no podemos confiar solamente en el calculo estadistico, tenemos que graficar esto para rectificar estos calculos estadisticos que tengo, pues a veces las graficas nos pueden mostrar algo diferente a los calculos y nuevamente caer en la paradoja"
Parcial 1,Juan,"El uso de los datos puede ciertamente atentar con la democracia. Pues en principio la democracia tiene que se una manera de gobierno en donde se elige a un representante o lider mediante una sufragación de votos. Luego, el lider o el representante será el que va a derogar leyes y mandatos en pro del bienestar de la sociedad. Por este motivo, es importante que los votos de la sociedad sean completamente a corde a lo que la sociedad necesita, es decir, que se logre escoger a el lider que la sociedad necesita. Ahora bien, la democracia en la actualidad es manejada por medio de influencias en las propagandas de las redes sociales. En donde las personas que no atieneden a las necesidades de la sociedad y solo en sus propias necesidades. Generan propagandas, mediante estudios de distintas bases de datos recolectadas de redes sociales principalmente, que afectan el foco de decisión de los votantes. Generando un daño grave en la libre volutad de voto en el ejercicio de la democracia","Mediante el uso de la tecnologia de la ""aumentación"", en donde logremos generar asistentes o avatares que nos ayuden a manejar la informacione ne el tiempo real. Es un tipo de herramienta basada en inteligencia Artifical. Por ende nos ayudaría a generar alternativas que solucionen la democraciía directa con los agentes virtuales. Así mismo se desarrollarian estos avatares con el desarrollo de encuestas, en donde el pueblo mostraria la posibilidad de generar un avatar que tenga el paquete necesario para poder gobernar. Asi entonces, generar un algoritmo que logre identificar cada una de las necesidades de las personas, esto tambien, que sea posible la corrección del algoritmo.","Para responder la pregunta, comenzaré diciendo que el petroleo es un bien finito. En resumidas cuentas ya se sabe que hay un final en las reservas de petroleo. Por ende su valor se rige por cuanto petroleo usted tiene frente a cuanto queda en el mundo por ser consumido. Por otro lado , los datos son infinitos. Pues se generan a una velocidad tan rapido que en su escacez momentanea, será abundancia en poco tiempo. El valor de los datos no es comparable con el petroleo. Pues los datos generan valor por la eficiencia en el uso de ellos mismos. Por este motivo se genera valor cuando se interpretan los datos en beneficio de generar bienestar o de brindar valor a un producto o servicio. El petroleo solamente puede ser transformado y consumido. El petroleo y los datos son distintos activos economicos que ciertamente no se pueden comparar.","Para poder obtetenr conocimiento se necesita primero se necesitan hacer varios pasos para poder decantar la información. Primero se debe reconocer de donde se obtiene la data. DE esta manera se reconoce cual es el principal tema que se analizará. Después, identificar variables y constantes entre la data que se nos presenta. Para este entonces se necesita platear hipotesis. En pro, de responer preguntas basadas en la data. Despúes de aplicar tecnicas de analisis de datos, donde ponemos a prueba las hipotesis, con diferentes tecnicas de graficación y decantación de datos. Se logra responder o no la hipotesis, de esta manera generar valor mediante el uso de los datos. Esto llega a ser información para poder tomar desciciones a futuro","En primera instancia la paradoja de Simpson nos deja como aprendizaje en la analitica de datos que en la tendencia de varios grupos de datos desaparece cuando estos grupos se combianan. Esto es una de la falacias más importantes que se tienen que tener en cuenta en el momento de generar información. Pues es importante reconocer la certeza de las conclusiones cuando se analiza con una tercera variable, que esta puede cabiar el resultado de lo analizado. En segundo lugar, el cuarteto de Anscombe nos enseña la importancia de que en un grupo de datos en donde se muestran por variables X y Y, tienen los mismos estadisticos. Pero los graficos cambian. Esto da que es de mucha importacia mirar graficamente el conjunto de datos antes de generar conclusiones de la información"
Parcial 1,Julian,"Porque la debilidad de la democracia es la figura de representantes, que no necesesariamente representan los intereses del público. Estos representantes suben al poder con discursos basados en los datos que tienen sobre cómo manipular más fácilmente al pueblo donde encuentran esos temas sensibles de la gente",En mejorar el ancho de banda cognitivo a través de una tecnología que aumente su ancho de banda; un tipo de asistente personalizado que nos ayuda a tomar desiciones y represente nuestros gustos e intereses. Esto combinaría una democracia directa con agentes virtuales,"Porque no tienen mucho valor a menos de que sean transformados. Es decir, si no son analizados, organizados, etc, no van a tener mucho valor.","Primero los tenemos que desglosar, organizar para por fin analizarlos, y del análisis de esto conseguimos la información.","La paradoja de Simpson nos enseña que hay que tener cuidado organiazndo los datos ya que dependiendo de cómo se organiecen podemos llegar a diferentes resultados, incluso erróneos. Del cuarteto de Anscombe podemos concluir que primero deberíamos ver los datos gráficamente ya que en las diferentes gráficas podemos llegar a conclusiones diferentes aunque los datos tengan las mismas propiedades estadísticas. Dicho esto, hay que entender cuál es el tipo de gráfica que se adapta mejor a nuestra situación"
Parcial 1,Laura,"El uso de datos puede atentar contra la democracia mundial ya que por medio de la data los canditatos politicos podran chantajear las elecciones sabiendo que tipo de informacion quiere recibir, leer, o escuchar el votante.",En vez de que haya un politico para cada cantidad de personas por medio de la recoleccion de datos personales Cesar Hidalgo nos explica la idea de cómo llegar a reemplazar a los políticos para empoderar a los ciudadanos con agentes virtuales personalizados que voten directamente en los proyectos de ley,"A diferencia del petroleo que su valor provee de su escasez y la dificultad de extraerlo los datos se generan continuamente, todo lo contrario al petroleo ya que cada vez es mas facil generar enormes cantidades de datos","Para generar la informacion de los datos se debe hacer un analisis tanto como cuantitativo, cualitativo, y estadistico que ayude a resumir los datos",La paradoja de Simpson nos enseña que cuando se filtra un tercer factor puede hacer que aparezca una tendencia contraria y el cuarteto de Anscombe me enseño la importancia de mirar graficamente un conjunto de datos antes de analizarlo
Parcial 1,Lautaro,"Hidalgo explica que la data de las redes sociales, como las conversaciones y gustos personales de los usuarios, ha sido usada por lo políticos para saber cuales son los gustos de los ciudadanos y así ganar más seguidores ofreciendole lo que les gusta. Esto es una vulnerabilidad de la democracia, se atenta contra ella porque los políticos se estan convirtiendo en lo que le gusta a la mayoria de los ciudadanos para obtener sus votos y lograr el poder. Es como comprar votos pero sin dinero, sino con mentiras acopladas a lo que le gusta a la mayor parte de la sociedad.","La idea de Hidalgo consiste en automatizar las votaciones a través de agentes de software para votar directamente en los proyectos de ley, así no votaremos por un representante que vote por todos, sino sería un representante personalizado para representar a cada ciudadano. Sería como un avatar personalizado por cada ciudadano en el gobierno, así tomar las decisiones públicas y no solo una persona tendrá las riendas de las decisiones de un país. También habla de a través de los datos ir creando un avatar que pueda ayudar a los ciudadanos a tomar mejores decisiones.","Hay varios motivos expresados en la lectura de Adam Schlosser, primero los datos se van registrando y van crecimiento inexplicablemente, el petróleo es una cantidad fija en la tierra. Otra razón, es que el petróleo es costoso por lo difícil que es su extracción y procesamiento, en cambio, los datos cada vez son más fáciles de generar. Una de las razones que más llamó mi atención, es que los datos son reusables y pueden servir para muchas ocasiones a diferencia del valioso crudo, y finalmente, no se cree que se acaben las reservas de datos en la tierra, a diferencia del petróleo","Según el Procedimiento Típico de la análitica de datos, para pasar de los datos a la información se debe hacer limpieza de datos, transformación, mejoramiento y resumen de los datos. Luego, se debe realizar el análisis estadísticos que es visualizar, realizar pruebas de hipótesis y estimar parámetros, por último, a través de diagramación y documentación se obtiene el conocimiento.","Algo que me quedó de esta paradoja es que los datos hay que verlos más allá de lo evidente, debemos analizar más allá de lo que se obtiene en la primera impresión."
Parcial 1,Luca,"Este uso de datos si puede atentar contra la democracia ya que al automatizar la toma de decisiones de los politicos de votar y escoger representantes que tome las decisiones, por lo tanto las perosnas estarian tomando las decisiones ellos mismos mediante los datos.",Cesar propone remplazar a politicos con inteligencia artificial o mas bien con robots. Estos algoritmos recogerian informacion de toda una poblacion con encuestas entendiendo sus problematicas y quejas. Estos algortimos van a ser alimentados con data que les va arrojando la gente a los algoritmos. De esta manera los algoritmos podrian tomar decisiones por el margen de la ley sin un sezgo o demora que podria tener un politico por tener algunas preferencias o particularidades personales.,"Porque los datos se van generando continuamente a un ritmo que es muy dificil de predecir mientras que el petroleo es cuantificable o tiene una cantidad exacta. Durante los siguientes 2 años se van a crear un numero de datos que supera hasta millones de años de videos. Mientras que el valor del petroleo lo da su escazes se contradice con los datos que por el contrario hay cada vez mas y mas en el mundo. Ademas, el petroleo se consume mientras que los datos se pueden reutilizar y a la vez compartir. Finalmente, lo que en realidad genera valor en los datos es saber analizarlos y entenderlos a diferencia del petroleo que puede tener valor nada mas por poseerlo. Esto quiere decir que los datos no tienen el mismo valor que el petroleo y no son ningun punto de comparacion","Luego de hacer un analisis estadistico para tener un dato cuantificable, hay que contextualizarlo. Si bien, se pueden obtener datos que logran dar cifras cuantificables pero a la larga si no se le hace un analisis cuantitativo del sector o en la industria como tal del dato no sirve de mucho. Esto conllevara a que el dato cuantificable se convierta en informacion y nos de sabiduria exacta de lo que queremos entender. Por ejemplo si identificamos la competencia que tiene la empresa de la cual el dato proviene podremos saber si ese dato esta bien o mal con respecto a la competencia. Esto dara pie a informacion valiosa","La paradoja de simpson, nos deja la leccion de que cuando se agrupan de buena manera o se combinan es posible tener los resultados esperados. Si se tienen los resultados de estos datos de manera imparcial o no exacta pueden haber errores y la informacion no se veera correcta. Por el otro lado, el cuarteto de Anscombe entiende grupos de datos que tienen propiedades estadisticas parecidas pero que en realidad al ver las graficas son diferentes. Esto permite que de una manera estadistica se pueda anlizar ademas de una manera visual la comprension de datos y que los resultados sean un poco mas exactos."
Parcial 1,Luis,"La democracia es el sistema político que le da el derecho al pueblo a elegir y controlar su representante, pero es precisamente la forma mas vulnerable de esta, y hoy en día los gobernantes son atacados muy fácilmente. La democracia directa no funciono a causa de que no se pueden participar tan seguido al dia y no se puede escuchar tantas opiniones. Es por eso que se usa una democracia liquida que consiste en una red de gobernantes para simplificar las decisiones de cada individuo. El problema con Facebook o Twitter es que son tecnologías de comunicación y realmente el problema viene es con el manejo del volumen de la información. Entonces al tener tanta información es compleja de manejarla, por eso se dice que el manejo de tantos datos solo puede ser maneja EFICIENTEMENTE por inteligencia artificial. En conclusión esta data expuesta por estos medios de comunicación es muy vulnerable causando que la política atente contra la democracia al utilizar estos datos para focalizar la propaganda político causando un impacto en las personas que lo ven y no realmente siendo acorte a sus principios y pensamientos, en síntesis la data puede ser usada para manipular políticamente el pensamiento de los consumidores de las redes social.","La idea básica es automatizar el manejo de los datos mediante el uso de inteligencia artificial que permite crear un agente virtual que permite representar a cada individuo en un congreso de avatares.  Asi mismo este algoritmo va tomar los datos e ir aprendiendo de uno mismo, permitiendo a cada individuo  poder encontrar la mejor opción política de una democracia mixta, donde se pueden combinar ideas de diferentes partidos políticos","Hoy en día los DATOS no tiene tanto valor como lo tiene el petroleó, encontrar petróleo y adueñarse de ese lugar es su verdadero precio, en cambio los datos están en todas partes, la tecnología ha facilitado que el obtener datos e información sea demasiado simple. Esto no quiere decir que no tengan un valor, el verdadero valor se encuentra al momento de comprender, entender y analizar esos datos para obtener plena sabiduría sobre ellos (Rowley). Es por eso que los datos no tienen el mismo valor que el petróleo, por que además de su basta facilidad para encontrarlos, requiere de un proceso para descubrir el conocimiento sobre este.","Como va un poco resuelto en la pregunta anterior, usamos la jerarquía de la sabiduría para poder entender el proceso de la conversión de datos a la información, principalmente se debe realizar un resumen y un análisis de los registros alfanuméricos que representan una observación (Datos)","La principal reflexión que nos deja es que se debe tener un contexto de los datos, por que el uso de alguna herramientas al momento de análisis los datos, pueden producir sesgos o perdidas de información que pueden llevar a conclusiones opuestas entre los mismos datos. Es por esto que la lectura de los datos es muy importante, esto permite tomar evidencia de estos casos y poder entender correctamente la situación para poder realizar unas mejores relaciones entre los datos. Todo proceso desde obtener los datos hasta llegar al conocimiento debe ser leído y analizado con cuidado y siempre llevado a un contexto para no sacar resultados contradictorios"
Parcial 1,Marco,"Hidalgo plantea que los representantes escogidos por las personas son la debilidad de la democracia, ya que si se quiere ""capturar el sistema democrático"", se debe llegar al representante, o la manera en que escogen a ese representante, en este caso esto puede atentar contra la democracia ya que los datos son utlizados para dirigir propaganda política y llegar a las personas, influenciando sus creencias políticas. En el peor caso, el representante no será escogido realmente por las personas sino por las personas en el poder que dirigieron la propaganda política e influyeron en los demás.","La idea de Cesar está basada en la automatización como reemplazo de los políticos, basado en la inteligencia artificial se debe combinar la democracia directa con agentes virtuales para la toma de decisiones. Con el fin de tener representantes personalizados ""avatar"" que mediante un algoritmo para predecir los gustos políticos de cada persona","Se dice que los datos no son el nuevo petróleo ya que a pesar de que ambos generan mucho valor, el petróleo es finito, pues al utilizarlo se gasto y eso es lo que determina su valor. Por el contrario, los datos se generan constantemente, se pueden reutilizar y cada vez habrán más datos por lo que serán infinitos y cada vez mejores","Antes de obtener conocimiento, se deben extraer y sintetizar los datos para que se covierta en información y se pueda obtener conocimiento","La paradoja de Simpson sucede cuando una tendencia existente en los datos desaparece cuando los datos se juntan, en el momento en que desaparece la tendencia, se crea una nueva tendencia. El cuarteto de Anscombe se refiere a los datos que se ven muy similares o incluso iguales estadísticamente en una tabla de datos, sin embargo son muy distintos gráficamente"
Parcial 1,Maria,"Basicamente los datos pueden atentar contra la democracia ya que son una herramienta que permite definir el perfil de una persona basado en los clicks que realiza mientras navega en las redes sociales. Una vez que se obtienen caracterisitcas y atributos sobre la persona, es muy facil dirigir propaganda politica estrategicamente dirigida a ciertas personas.","Cesar plantea el concepto de la auomatizaion que nos aumenta con el fin de reemplazar a los politicos. Es decir,la utilizacion de la inteligencia artiicial mezclada con la democracia directa. En sintesis es un asistente de software que respresenta a cada uno de nostros en la toma de desiciones. En terminos simples, creamos un avatar, lo entrenamos y hacemos que entienda nuestras preferencias politicas para que luego todos los avatares participen en la toma de desiciones bajo la democracia directa.","Los datos no son el nuevo petroleo ya que, estos por si solos no sirven de absolutmente nada. Es necesario que los datos pasen por un proceso de analitica de datos con el fin de que puedan ser interpretados y se pueda predecir el futuro con base en estos.","Para pasar de datos a informacion, es necesario seguir los pasos propios de los procedimientos tipicos de la analitica de datos. en este sentido, es fundamental que se tomen los datos y se limpen, luego se tranformen, se mejoren y se resuman.","La paradoja de simpson nos deja la enseñanza de que debemos tener mucho cuidado al analizar los datos, ya que estos pueden generar una perspectiva cuando se analizan de forma bivariada y se pueden sacar conclusiones erradas. Lo anterior por que en ciertos casos, cuando se agrega una tercera variable al analisi, estos generan una perspectiva diferente de cuando se hacia de forma bivariado.

Por otro lado, el cuarteto de anscombe nos enseña que al momento de realizar un analisis de correlacion podemos establecer que las variables tienen una relacion lineal. Pero al visualizar las variables y sus correlaciones podemos observar que no necesariamiente las correclaciones son lineal."
Parcial 1,Miguel,"Según el video, los datos de las personas pueden ser usados para atentar a la democracia porque pueden apelar a los gustos personales de las personas, a las personas con quien ellos se relacionan, a las actividades que ellos realizan y modificar el discurso o las promesa para que el candidato a elegir tenga una mayor ""adhesión"" con lo que las personas están buscando. Estos discursos pueden ser con base en las creencias, en la religión, en los valores y demás preferencias y al ser tan personales pueden volverse muy atractivos y confundir a las personas haciendolas escuchar lo que quieren escuchar.","En pocas palabras, lo que Hidalgo propone es automatizar a los políticos. La manera de hacerlo es a través del uso de avatares virtuales con las preferencias personales de cada ciudadano para que ellos sean los que constantemente tomen las decisiones con base en las preferencias del ciudadano al que representan. Estos tendrían que llenar encuestas para la recopilación de sus datos personales, luego elegir el algoritmo que más se ajuste a ellos y finalmente corregirlo dadas las decisiones que tome. Es una democracia directa manejada por avatares virtuales.","Lo que explica el artículo del World Economic Forum es que si bien los datos y el pretróleo son capaces de generar valor, su diferencia fundamental es en la limitante de volumen de los mismos. Tomando como ejemplo al petróleo, en el mundo existe una reserva finita de este recurso, lo que hace que a mayor cantidad de guarde y haya menos transabilidad, mejor retiene su valor. En los datos ocurre algo diferente, entre más datos se recojan y de mejor manera de combinen y analicen, o transen, mayor valor generan en el largo plazo.","Dado que en el mundo real, muy pocas veces se cuenta con datos ordenados y estandarizados, los datos se deben preparar previamente al análisis para ser utilizados correctamente sin ningún sesgo. Por lo tanto, antes de pasar de datos a información, se debe realizar un Pre-Procesamiento de los mismos, que resulta en técnicas como la Limpieza, la Transformación, el Mejoramiento de los mismo y Resumirlos dado que se requiera","Estas dos paradojas se utilizan para ilustrar que muchas veces la explicación de una serie de datos ordenados puede estar incompleta si no se analiza desde distintos ángulos. Empezando con la paradoja de Simpson, esta específicamente habla de que la tendencia que aparece en varias series de datos separadas, al unirlas desaparece cuando estos se combinan. La paradoja de Anscombe menciona que aún cuando distintos conjuntos de datos puedan tener las mismas identidades estadísticas (media, mediana, moda, Desv. Estándar) al gráficar sus datos pueden presentar historias totalmente distintas."
Parcial 1,Nicolas,"Hoy en dia, se ha visto una tendencia en redes sociales acerca de campañas publicitarias y demás datos obtenidos para hacer politica, esto por medio de clicks. Se puede ver en el pasado en la democracia, las personas estaban ""dispuestas"" a votar por aquellos politicos que consideraban eran la mejor eleccion para la toma de decisiones en el gobierno. Sin embargo, como se ha visto estas personas no han brindado mucha credibilidad sobre las ejecuciones que hacen de sus proyectos. Por lo que, la democracia se ha visto en peligro ya que las personas no quieren seguir votando por ""representantes"" con los cuales no se sienten identificados, por otro lado, como se ve en el video, los proyectos de ley tienen una alta demanda por lo que un solo politico no puede hacerse cargo de esto lo cual genera poca confianza en las personas que votaron por él. Por ultimo, como se vio en el video, se han visto tendencias de mejorar la democracia por dos metodos; Democracia Directa y Democracia Liquida, nuevas formas de sacar a los politicos del poder y que los cuidadanos puedan tomar las decisiones correspondientes.","La idea principal consiste en automatizar a los politicos. Esto mediante el proceso de encontrar la necesidad que se quiere suplir, encontrar las herramientas que usaremos y en consecuencia como las personas estan usandolas para automatizarlas tambien a ellas. Esto se basa en que al futuro, se administre la fuerza de trabajo con una autonomia donde las personas no intervengan directamente en los procesos, esto por medio de la tecnologia de ampliacion; mas sistemas en el ancho de banda cognitiva para que las personas tomen decisiones. Por otro lado, tambien para realizar todo el proceso, se deben tener unos canales directos tales como avatares y asistentes que ayuden con recomendaciones para mejores el volumen de informacion. Tambien Cesar nos comenta el uso de la Inteligencia Artificial, al momento de automatizar los procesos y brindarle el ""poder"" a la tecnologia, todo será mucho más rapido y agil. Como se puede ver en la Democracia Directa, si los procesos son autonomos, cada persona podrá ser identificada y representada por un agente de software personalizado lo que generara un alcance mayor en cuanto a la toma de decisiones y tambien a la toma de la data, debido a que por medio de algoritmos se podrá identificar los comportamientos humanos para tener mejores predicciones.","Como se ha visto hoy en día, se le ha brindado mucha importancia al manejo y recoleccion de datos, sin embargo como podemos ver en el articulo mencionado en clase (Tratar los datos como el petroleo ha llevado a alguno gobiernos a acumularlos en silos, bien protegidos dentro de sus fronteras), esto se ha visto reflejado en la reduccion de los beneficos economicos y sociales de los datos. El petroleo es un recurso no renovable que a futuro tendra altos niveles de escasez donde problablemente tendremos que encontrar más fuentes de energía para poder transportarnos o encontrar productos sustitutos del petroleo, por el contrario como se ha visto los datos son informacion en primer lugar de suma importancia para tomar acciones y analizar tendencias ya sean de comportamiento o de indicadores que nos indiquen como funciona el mundo hoy en día, en segundo lugar, son recursos que siempre asi sea hoy o en 40 años, tendremos a la mano. Todo el tiempo estamos sacando datos, ya sea para ir a comprar un dulce o para realizar un examen, es por esto que el analisis de datos no es el nuevo petroleo, el 10 años tendremos más datos pero menos este recurso no renovable. Tambien como lo menciona la lectura, para tener valor en el area del petroleo, debemos tener muchos barriles de esto, sin embargo en los datos podemos tener solo 1, pero puede ser de suma importancia para su analisis.","En primer lugar, hacer un analisis de los datos, ponerlos en contexto con el rumbo del negocio. Brindarles la importancia necesaria identificando por que sirven para nuestra compañia, de acuerdo con este analisis se toma la decision de convertirla en informacion relevante, esto con el fin de basarnos en estos para tomar decisiones importantes de acuerdo con un sector, una tendencia o demás que los datos hayan arrojado. Los datos es un registro cuantitativo que se toma dependiendo de una observacion y la informacion es el conjunto de los datos, por lo que es necesario identificar el proceso para pasar datos que pueden percibirse como insignificantes a información de suma importancia para la toma de decisiones.

","La recoleccion de los datos es una actividad de suma importancia por lo que se tiene que tener cuidado a la hora de elegirlos y analizarlos. Como se puede ver en el cuarteto de Anscombre, los datos pueden percibirse como ""iguales"" sin embargo a mayor profundidad de analisis, demuestra todo lo contrario. Con respecto a los dos metodos de analisis de datos mencionados en la pregunta, nos da una leccion muy importante. Brindarle la importancia necesaria a los datos que obtenemos, esto mediante el analisis para no perder de vista ningun detalle y no cometer errores que pueden ser perjudiciales para nuestras compañias. La obtencion de datos debe ser detallada y cautelosa, siempre intentando tener una vision objetiva , para no sesgarnos cuando estemos en este proceso, cualquier detalle puede perjudicarnos o favorecernos. ¡Prestar mucha atencion a los datos!"
Parcial 1,Pedro,"En el video, Cesar expone la idea de juntar o integrar la democracia con agentes de inteligencia artificial. De esta manera es posible establecer o analizar los gustos de una persona o la manera de actuar a traves de las paginas web que visitan, lo que buscan y donde hacen click. De esta manera como lo dice la pregunta es posible poner propaganda politica a las personas especificas de manera quirurgica y llevan de manera casi disruptiva la propaganda al cliente a traves de la maquinaria de inteligencia artificial.",Cesar plantea la idea de utilizar inteligencia artificial dentro de estos procesos politicos. Esto se logra al crear codigos o algoritmos personificados. Esto significa que estos codigos van a conocer los gustos de las personas y vana tomar las decisiones con base en este conociemiento de las personas en la democracia,"Como se mencionaba, los datos como tal no tienen un valor especifico. El valor de los datos se obtiene en el momento en el que se entiende el valor del conocimiento que estos transmiten. Por esta razon es necesario que los datos pasen por un analisis y sean extraidas las diferentes opciones de resultados que s epuedan extraer",Esto a traves de los diferentes lenguages de lectura y extraccion de datos. Es importante poder leer los datos y bajo estos metodos de inteligencia artificial poder extraer la datos que nos lleven a informacion en vez de simples datos.,"Al ingresar una tercera variable es posible analizar los datos de manera errada ya que es necesario hacer un analisis mas profundo y a la hora de no analizar bien se pueden analizar resultados erroneos. Por otro lado, el cuarteto de Anscombe nos ense;a que es necesario y pertinente analizar los datos de manera grafica antes de llegar a conclusiones"
Parcial 1,Samuel,"Según Cesar Hidalgo, el uso de estos datos podría atentar contra la democracia al focalizar los datos en realizar propaganda política y así lograr obtener la representación del pueblo en la política al focalizar ciertos mensajes por medio de propaganda que lleve a movilizar a la población a votar por un político específicamente.","La idea de Cesar Hidalgo consiste en apoyar la política actual con herramientas tecnológicas como la inteligencia artifical. Lo que él plantea es que por medio de la web se cree un avatar que represente a cada una de las personas y así, en vez de centralizar el poder en una sola persona, cada uno tenga la autonomía de poder ejercer la política por medio de un algoritmo que aprende según la afinidad política de la persona. El algoritmo se alimentaría de los datos que la persona brinda por medio de encuestas que realiza en la web y que pertenecen a diferentes tipos de temas. Él se refiere que no habría manipulación de datos, ya que cada uno sería un mercado independiente que busca alimentar el algoritmo personal que le da vida y poder al Avatar.","La comparación entre los datos y el petróleo no es correcta porque son todo lo contrario. Mientras que el petróleo es finito, los datos vienen creciendo de forma exponencial y son perdurables en el tiempo. Además, la forma de dar valor al petróleo depende de la demanda del mismo y como es un bien que tiende a la escazes, su valor aumenta, por otro lado, el valor de los datos no tiene relación con su tamaño o cantidad, si no con la extración de análisis e información relevante para las organizaciones. También, mientras el petróleo tiene un fin único después de ser procesado, los datos pueden ser reutilizados para nuevas investigaciones y llegar a nuevos descubrimientos que mejoren la calidad de vida humana.

Desde mi punto de vista, creería que se compara a los datos con el petróleo por el boom y el valor que este ha tenido durante la historia de la humanidad, pero no se puede decir que los datos son igual que el petróleo o que funcionan de la misma forma para crear valor a la humanidad. ","Para lograr pasar los datos a la información es necesario realizar una manipulación desde su origen para lograr organizarlos y obtener información de ellos. Este proceso se puede entender en tres simples pasos:

Datos: en esta primera etapa se obtienen datos po diferentes medios como lo pueden ser rastreo de clicks, cookies, recoleción de datos específicos por medio de encuestas, etc. Estos datos llegan como registros.

Manejo de datos e información: en esta segunda etapa, se moldean los datos, se organizan en bases de datos, o en un archivo en el cual se entienda la lógica detrás de los datos. En este punto se puede construir una sítesis de los datos que nos llevan a la información general de un set de data.

Conocimiento: este es el paso en donde la información se analiza y se obtienen insights sobre la información. Acá se usa estadística para entender la relación entre variables y qué impacto tiene en lon que se está analizando","La paradoja de Simpson nos deja como eseñanza que es importante marcar la tendencia de los datos antes de hacer una conclusión. Esto se debe a que los datos pueden tener una tendencia positiva en la gráfica, pero cuando se convinan los datos, la tendencia puede ser diferente. Esto nos lleva a que es importante marcar la tendencia y hacer un análisis más detallado de cada variable o segmento que se busca estudiar para no caer en una interpretación erronea.

Por otro lado, en el cuarteto de Anscombe el aprendizaje está en que graficar los datos a pesar de ser los mismos en las tablas que el archivo nos muestre, pues la relación entre ellas puede ser diferente y por ende se va a ver reflejado en la tendencia de estos."
Parcial 1,Santiago,"El uso de los datos que compartimos diariamente atenta contra la democracia porque la mayoría de los políticos hacen uso de estos para poder llegar al público y ""llamar su atención."" De esta forma, al momento de tomar decisiones políticas ellos realmente no están haciendo lo que la democracia pide, sino lo que los datos les demuestran que los convienen para ganar más votos, más seguidores y demás.","Lo que el propone es que se haga uso de la inteligencia artificial par tomar las decisiones legislativas, para esto se crearían avatares que ayuden a procesar y tomar las decisiones. Esta idea propone que cada persona cree su avatar a partir de unas preguntas que recolectarían la data y a partir de ahí se crea un algoritmo que prediga sus ""gustos"" o preferencias políticas y por lo tanto, ahí empiece a generar un perfil que el usuario pueda verificar. Lo que esto permite es que la democracia sea automatizada y simplificada, pues un legislador tiene muchas responsabilidades y proyectos y le es imposible tener en cuenta la opinión de todos y al final tomar decisiones ""democráticas"".","Los datos se comparan constantemente con el petróleo, sin embargo decir que ""los datos son el nuevo petróleo"" está equivocado porque varias razones. La primera, el valor del petróleo proviene de su escasez y lo difícil que es extraerlos, por el contrario los datos se generan constantemente y cada vez es más fácil generarlos. La segunda razón, es que el petróleo se entiende como un producto básico, cuando lo usas, este se consume y no se puede volver a usar, los datos en cambio se pueden reutirlizar y compartir para darles nuevos usos. Sin embargo, en el caso de los datos no basta con acumularlos, es necesario saber analizarlos para incrementar su valor.","Para poder pasar los datos a la información es necesario hacerles una manipulación, esto, ya que la mayoría de las veces los bases de datos presentan deficiencias tales como que están desordenadas, no tienen variables relevantes, las observaciones pueden estar incompletas, entre muchas otras deficiencias. Para esto, hay unos procedimientos típicos como la limpieza, la transformación y/o mejoramiento de datos.","La lección de la paradoja de Simpson es que hacer conclusiones generales de los datos la mayoría de las veces puede estar equivocado, estas conclusiones no se pueden asumir como ciertas si no se conoce la todalidad de los datos en los que está basado el análisis. Por ejemplo, si se mira a rasgos generales una linea de tendencia de un grupo de datos y se concluye que esta es ascendete, dicha conclusión puede estar equivocada, pues dentro de la base de datos, pueden haber grupos con diferentes tendencias (arriba o abajo).

La lección del cuarteto de Anscombe es que si se analizan solamente las variables estadísticas de un grupo de datos, puede darse el caso de que estas sean muy similares o incluso iguales y la conclusión sería que los datos tienen un comportamiento similar. Sin embargo, si se analizan estas variables estadísiticas en un gráfico, su comportamiento será totalmente diferente y por lo tanto la conclusión general que se hizo estaría errada. Siempre que se analizan datos no basta con calcular sus propiedades estadísticas, las gráficas son necesarias para llegar a conclusiones más precisas."
